{"cameraMode":{"drawMode":0,"name":"Shaded","section":"Shading Mode"},"sceneLighting":false,"audioPlay":false,"sceneViewState":{"showFog":false,"showMaterialUpdate":false,"showSkybox":false,"showFlares":false,"showImageEffects":false,"showParticleSystems":false},"in2DMode":false,"pivot":{"x":-1.6781501770019532,"y":2.4923205375671388,"z":0.6824402809143066},"rotation":{"x":-0.04494009539484978,"y":0.8835839033126831,"z":-0.08669880777597428,"w":-0.45798248052597048},"size":10.0,"orthographic":false}